<application>
  <component name="DefaultFont">
    <option name="FONT_FAMILY" value="Consolas" />
    <option name="SECONDARY_FONT_FAMILY" value="Microsoft YaHei" />
  </component>
  <component name="EditorSettings">
    <option name="languageBreadcrumbsMap">
      <map>
        <entry key="JAVA" value="true" />
      </map>
    </option>
    <option name="USE_SOFT_WRAPS" value="" />
    <option name="SHOW_QUICK_DOC_ON_MOUSE_OVER_ELEMENT" value="true" />
    <option name="ARE_GUTTER_ICONS_SHOWN" value="false" />
    <option name="SHOW_BREADCRUMBS_ABOVE" value="true" />
    <option name="IS_CAMEL_WORDS" value="true" />
    <option name="IS_MOUSE_CLICK_SELECTION_HONORS_CAMEL_WORDS" value="false" />
  </component>
</application>