<application>
  <component name="IntentionManagerSettings">
    <ignoreAction name="SQL/Quote identifier" />
    <ignoreAction name="Language Injection/Edit Injection Settings" />
    <ignoreAction name="Language Injection/Un-inject Language/Reference" />
    <ignoreAction name="Language Injection/Edit Injected Fragment" />
    <ignoreAction name="Java/Declaration/Add Javadoc" />
    <ignoreAction name="ActionScript/Create Getter and Setter" />
    <ignoreAction name="XML/Split current tag" />
    <ignoreAction name="Language Injection/Inject language or reference" />
  </component>
</application>