<application>
  <component name="LanguageInjectionConfiguration">
    <injection language="SQL" injector-id="java">
      <display-name>Connection (java.sql)</display-name>
      <place disabled="true"><![CDATA[psiParameter().ofMethod(0, psiMethod().withName("nativeSQL").withParameters("java.lang.String").definedInClass("java.sql.Connection"))]]></place>
      <place disabled="true"><![CDATA[psiParameter().ofMethod(0, psiMethod().withName("prepareCall").withParameters("java.lang.String").definedInClass("java.sql.Connection"))]]></place>
      <place disabled="true"><![CDATA[psiParameter().ofMethod(0, psiMethod().withName("prepareCall").withParameters("java.lang.String", "int", "int").definedInClass("java.sql.Connection"))]]></place>
      <place disabled="true"><![CDATA[psiParameter().ofMethod(0, psiMethod().withName("prepareCall").withParameters("java.lang.String", "int", "int", "int").definedInClass("java.sql.Connection"))]]></place>
      <place disabled="true"><![CDATA[psiParameter().ofMethod(0, psiMethod().withName("prepareStatement").withParameters("java.lang.String").definedInClass("java.sql.Connection"))]]></place>
      <place disabled="true"><![CDATA[psiParameter().ofMethod(0, psiMethod().withName("prepareStatement").withParameters("java.lang.String", "int").definedInClass("java.sql.Connection"))]]></place>
      <place disabled="true"><![CDATA[psiParameter().ofMethod(0, psiMethod().withName("prepareStatement").withParameters("java.lang.String", "int", "int").definedInClass("java.sql.Connection"))]]></place>
      <place disabled="true"><![CDATA[psiParameter().ofMethod(0, psiMethod().withName("prepareStatement").withParameters("java.lang.String", "int", "int", "int").definedInClass("java.sql.Connection"))]]></place>
      <place disabled="true"><![CDATA[psiParameter().ofMethod(0, psiMethod().withName("prepareStatement").withParameters("java.lang.String", "int[]").definedInClass("java.sql.Connection"))]]></place>
      <place disabled="true"><![CDATA[psiParameter().ofMethod(0, psiMethod().withName("prepareStatement").withParameters("java.lang.String", "java.lang.String[]").definedInClass("java.sql.Connection"))]]></place>
    </injection>
    <injection language="SQL" injector-id="xml">
      <display-name>iBatis3: select|insert|update|delete</display-name>
      <place><![CDATA[xmlTag().withLocalName(string().oneOf("select", "insert", "update", "delete")).withNamespace(string().oneOf("http://ibatis.apache.org/dtd/ibatis-3-mapper.dtd", "http://mybatis.org/dtd/mybatis-3-mapper.dtd"))]]></place>
      <apply-to-subtags />
    </injection>
    <injection language="SQL" injector-id="xml">
      <display-name>iBatis3: sql|select|insert|update|delete</display-name>
      <place disabled="true"><![CDATA[xmlTag().withLocalName(string().oneOf("sql", "select", "insert", "update", "delete")).withNamespace(string().oneOf("http://ibatis.apache.org/dtd/ibatis-3-mapper.dtd", "http://mybatis.org/dtd/mybatis-3-mapper.dtd"))]]></place>
      <apply-to-subtags />
    </injection>
    <injection language="SQL" injector-id="xml">
      <display-name>select|insert|update|delete|statement</display-name>
      <place><![CDATA[xmlTag().withLocalName(string().oneOf("select", "insert", "update", "delete", "statement")).withNamespace(string().equalTo("http://ibatis.apache.org/dtd/sql-map-2.dtd"))]]></place>
      <apply-to-subtags />
    </injection>
  </component>
</application>