<application>
  <component name="libraryTable">
    <library name="Python 3.10 (py_3.10.11) interpreter library">
      <CLASSES>
        <root url="file://D:/Programs/Coding/Python/Py_3.10.11/DLLs" />
        <root url="file://D:/Programs/Coding/Python/Py_3.10.11/Lib" />
        <root url="file://D:/Programs/Coding/Python/Py_3.10.11" />
        <root url="file://$USER_HOME$/venvs/py_3.10.11" />
        <root url="file://$USER_HOME$/venvs/py_3.10.11/Lib/site-packages" />
        <root url="file://$APPLICATION_HOME_DIR$/settings/system/python_stubs/-1337559449" />
        <root url="file://$APPLICATION_PLUGINS_DIR$/python/helpers/python-skeletons" />
        <root url="file://$APPLICATION_PLUGINS_DIR$/python/helpers/typeshed/stdlib/3.9" />
        <root url="file://$APPLICATION_PLUGINS_DIR$/python/helpers/typeshed/stdlib/3.7" />
        <root url="file://$APPLICATION_PLUGINS_DIR$/python/helpers/typeshed/stdlib/3" />
        <root url="file://$APPLICATION_PLUGINS_DIR$/python/helpers/typeshed/stdlib/2and3" />
        <root url="file://$APPLICATION_PLUGINS_DIR$/python/helpers/typeshed/third_party/3" />
        <root url="file://$APPLICATION_PLUGINS_DIR$/python/helpers/typeshed/third_party/2and3" />
      </CLASSES>
      <JAVADOC />
      <SOURCES>
        <root url="file://D:/Programs/Coding/Python/Py_3.10.11/DLLs" />
        <root url="file://D:/Programs/Coding/Python/Py_3.10.11/Lib" />
        <root url="file://D:/Programs/Coding/Python/Py_3.10.11" />
        <root url="file://$USER_HOME$/venvs/py_3.10.11" />
        <root url="file://$USER_HOME$/venvs/py_3.10.11/Lib/site-packages" />
        <root url="file://$APPLICATION_HOME_DIR$/settings/system/python_stubs/-1337559449" />
        <root url="file://$APPLICATION_PLUGINS_DIR$/python/helpers/python-skeletons" />
        <root url="file://$APPLICATION_PLUGINS_DIR$/python/helpers/typeshed/stdlib/3.9" />
        <root url="file://$APPLICATION_PLUGINS_DIR$/python/helpers/typeshed/stdlib/3.7" />
        <root url="file://$APPLICATION_PLUGINS_DIR$/python/helpers/typeshed/stdlib/3" />
        <root url="file://$APPLICATION_PLUGINS_DIR$/python/helpers/typeshed/stdlib/2and3" />
        <root url="file://$APPLICATION_PLUGINS_DIR$/python/helpers/typeshed/third_party/3" />
        <root url="file://$APPLICATION_PLUGINS_DIR$/python/helpers/typeshed/third_party/2and3" />
      </SOURCES>
    </library>
    <library name="Python 3.9 (py_3.9.12) interpreter library">
      <CLASSES>
        <root url="file://D:/Programs/Coding/Python/Py_3.9.12/DLLs" />
        <root url="file://D:/Programs/Coding/Python/Py_3.9.12/Lib" />
        <root url="file://D:/Programs/Coding/Python/Py_3.9.12" />
        <root url="file://$USER_HOME$/venvs/py_3.9.12" />
        <root url="file://$USER_HOME$/venvs/py_3.9.12/Lib/site-packages" />
        <root url="file://$APPLICATION_HOME_DIR$/settings/system/python_stubs/-1680736992" />
        <root url="file://$APPLICATION_PLUGINS_DIR$/python/helpers/python-skeletons" />
        <root url="file://$APPLICATION_PLUGINS_DIR$/python/helpers/typeshed/stdlib/3.9" />
        <root url="file://$APPLICATION_PLUGINS_DIR$/python/helpers/typeshed/stdlib/3.7" />
        <root url="file://$APPLICATION_PLUGINS_DIR$/python/helpers/typeshed/stdlib/3" />
        <root url="file://$APPLICATION_PLUGINS_DIR$/python/helpers/typeshed/stdlib/2and3" />
        <root url="file://$APPLICATION_PLUGINS_DIR$/python/helpers/typeshed/third_party/3" />
        <root url="file://$APPLICATION_PLUGINS_DIR$/python/helpers/typeshed/third_party/2and3" />
      </CLASSES>
      <JAVADOC />
      <SOURCES>
        <root url="file://D:/Programs/Coding/Python/Py_3.9.12/DLLs" />
        <root url="file://D:/Programs/Coding/Python/Py_3.9.12/Lib" />
        <root url="file://D:/Programs/Coding/Python/Py_3.9.12" />
        <root url="file://$USER_HOME$/venvs/py_3.9.12" />
        <root url="file://$USER_HOME$/venvs/py_3.9.12/Lib/site-packages" />
        <root url="file://$APPLICATION_HOME_DIR$/settings/system/python_stubs/-1680736992" />
        <root url="file://$APPLICATION_PLUGINS_DIR$/python/helpers/python-skeletons" />
        <root url="file://$APPLICATION_PLUGINS_DIR$/python/helpers/typeshed/stdlib/3.9" />
        <root url="file://$APPLICATION_PLUGINS_DIR$/python/helpers/typeshed/stdlib/3.7" />
        <root url="file://$APPLICATION_PLUGINS_DIR$/python/helpers/typeshed/stdlib/3" />
        <root url="file://$APPLICATION_PLUGINS_DIR$/python/helpers/typeshed/stdlib/2and3" />
        <root url="file://$APPLICATION_PLUGINS_DIR$/python/helpers/typeshed/third_party/3" />
        <root url="file://$APPLICATION_PLUGINS_DIR$/python/helpers/typeshed/third_party/2and3" />
      </SOURCES>
    </library>
  </component>
</application>