<application>
  <component name="CodeFoldingSettings">
    <option name="COLLAPSE_DOC_COMMENTS" value="true" />
  </component>
  <component name="DefaultFont">
    <option name="FONT_SIZE" value="15" />
    <option name="SECONDARY_FONT_FAMILY" value="Microsoft YaHei" />
  </component>
  <component name="EditorSettings">
    <option name="USE_SOFT_WRAPS" value="CONSOLE" />
    <option name="ARE_GUTTER_ICONS_SHOWN" value="false" />
  </component>
  <component name="InlayHintsSettings">
    <option name="lastViewedProviderKeyId" value="parameter.hints.old" />
  </component>
  <component name="JavaCodeFoldingSettings">
    <option name="collapseOneLineMethods" value="false" />
  </component>
  <component name="PropertiesFoldingSettings">
    <option name="foldPlaceholdersToContext" value="true" />
  </component>
</application>