<application>
  <component name="FileTypeManager" version="18">
    <ignoreFiles list="*.iml;*.ipr;*.iws;*.pyc;*.pyo;*.rbc;*.yarb;*~;.DS_Store;.git;.hg;.idea;.svn;CVS;__pycache__;_svn;vssver.scc;vssver2.scc;" />
    <extensionMap>
      <mapping pattern="readme" type="AUTO_DETECTED" />
      <removed_mapping ext="apk" approved="true" type="ARCHIVE" />
      <removed_mapping ext="psd" approved="true" type="Image" />
      <mapping ext="gradle.kts" type="Kotlin" />
      <mapping ext="main.kts" type="Kotlin" />
    </extensionMap>
  </component>
</application>