<profile version="1.0">
  <option name="myName" value="Default" />
  <inspection_tool class="CommentedOutCode" enabled="false" level="WEAK WARNING" enabled_by_default="false" />
  <inspection_tool class="DuplicatedCode" enabled="false" level="WEAK WARNING" enabled_by_default="false" />
  <inspection_tool class="SpellCheckingInspection" enabled="false" level="TYPO" enabled_by_default="false">
    <option name="processCode" value="true" />
    <option name="processLiterals" value="true" />
    <option name="processComments" value="true" />
  </inspection_tool>
  <inspection_tool class="SpringJavaAutowiredFieldsWarningInspection" enabled="false" level="WEAK WARNING" enabled_by_default="false" />
  <inspection_tool class="VulnerableCodeUsages" enabled="false" level="WARNING" enabled_by_default="false" />
</profile>