<code_scheme name="Default" version="173">
  <option name="LINE_SEPARATOR" value="&#10;" />
  <JavaCodeStyleSettings>
    <option name="JD_ALIGN_PARAM_COMMENTS" value="false" />
    <option name="JD_ALIGN_EXCEPTION_COMMENTS" value="false" />
    <option name="JD_ADD_BLANK_AFTER_DESCRIPTION" value="false" />
    <option name="JD_P_AT_EMPTY_LINES" value="false" />
    <option name="JD_USE_THROWS_NOT_EXCEPTION" value="false" />
    <option name="JD_KEEP_EMPTY_PARAMETER" value="false" />
    <option name="JD_KEEP_EMPTY_EXCEPTION" value="false" />
    <option name="JD_KEEP_EMPTY_RETURN" value="false" />
  </JavaCodeStyleSettings>
  <codeStyleSettings language="JAVA">
    <option name="LINE_COMMENT_AT_FIRST_COLUMN" value="false" />
    <option name="BLOCK_COMMENT_AT_FIRST_COLUMN" value="false" />
    <option name="LINE_COMMENT_ADD_SPACE" value="true" />
    <option name="KEEP_FIRST_COLUMN_COMMENT" value="false" />
  </codeStyleSettings>
</code_scheme>